{
    "name": "root",
    "gauges": {
        "WaistTrackerBehavior.Policy.Entropy.mean": {
            "value": 2.006502389907837,
            "min": 2.006502389907837,
            "max": 2.5911219120025635,
            "count": 10
        },
        "WaistTrackerBehavior.Policy.Entropy.sum": {
            "value": 97869.15625,
            "min": 97869.15625,
            "max": 134738.34375,
            "count": 10
        },
        "WaistTrackerBehavior.Policy.ExtrinsicValueEstimate.mean": {
            "value": 21.54269027709961,
            "min": -2.4237468242645264,
            "max": 21.54269027709961,
            "count": 10
        },
        "WaistTrackerBehavior.Policy.ExtrinsicValueEstimate.sum": {
            "value": 17255.6953125,
            "min": -1934.1500244140625,
            "max": 17255.6953125,
            "count": 10
        },
        "WaistTrackerBehavior.Losses.PolicyLoss.mean": {
            "value": 0.2988931310059538,
            "min": 0.26004813067969856,
            "max": 0.2988931310059538,
            "count": 10
        },
        "WaistTrackerBehavior.Losses.PolicyLoss.sum": {
            "value": 11.955725240238152,
            "min": 10.401925227187942,
            "max": 11.955725240238152,
            "count": 10
        },
        "WaistTrackerBehavior.Losses.ValueLoss.mean": {
            "value": 73.90884678676295,
            "min": 62.41951691120785,
            "max": 180.09367003277882,
            "count": 10
        },
        "WaistTrackerBehavior.Losses.ValueLoss.sum": {
            "value": 2956.3538714705182,
            "min": 2496.780676448314,
            "max": 7023.653131278374,
            "count": 10
        },
        "WaistTrackerBehavior.Policy.LearningRate.mean": {
            "value": 1.5208414930559998e-05,
            "min": 1.5208414930559998e-05,
            "max": 0.00028483200505599994,
            "count": 10
        },
        "WaistTrackerBehavior.Policy.LearningRate.sum": {
            "value": 0.0006083365972223999,
            "min": 0.0006083365972223999,
            "max": 0.011108448197183998,
            "count": 10
        },
        "WaistTrackerBehavior.Policy.Epsilon.mean": {
            "value": 0.10506943999999999,
            "min": 0.10506943999999999,
            "max": 0.194944,
            "count": 10
        },
        "WaistTrackerBehavior.Policy.Epsilon.sum": {
            "value": 4.202777599999999,
            "min": 4.202777599999999,
            "max": 7.602816000000001,
            "count": 10
        },
        "WaistTrackerBehavior.Policy.Beta.mean": {
            "value": 0.000212270656,
            "min": 0.000212270656,
            "max": 0.0037982656000000005,
            "count": 10
        },
        "WaistTrackerBehavior.Policy.Beta.sum": {
            "value": 0.00849082624,
            "min": 0.00849082624,
            "max": 0.14813235840000002,
            "count": 10
        },
        "WaistTrackerBehavior.Environment.EpisodeLength.mean": {
            "value": 499.0,
            "min": 499.0,
            "max": 499.0,
            "count": 10
        },
        "WaistTrackerBehavior.Environment.EpisodeLength.sum": {
            "value": 51896.0,
            "min": 35429.0,
            "max": 51896.0,
            "count": 10
        },
        "WaistTrackerBehavior.Environment.CumulativeReward.mean": {
            "value": 179.74278846153845,
            "min": 7.1401098901098905,
            "max": 179.74278846153845,
            "count": 10
        },
        "WaistTrackerBehavior.Environment.CumulativeReward.sum": {
            "value": 18693.25,
            "min": 649.75,
            "max": 18693.25,
            "count": 10
        },
        "WaistTrackerBehavior.Policy.ExtrinsicReward.mean": {
            "value": 179.74278846153845,
            "min": 7.1401098901098905,
            "max": 179.74278846153845,
            "count": 10
        },
        "WaistTrackerBehavior.Policy.ExtrinsicReward.sum": {
            "value": 18693.25,
            "min": 649.75,
            "max": 18693.25,
            "count": 10
        },
        "WaistTrackerBehavior.IsTraining.mean": {
            "value": 1.0,
            "min": 1.0,
            "max": 1.0,
            "count": 10
        },
        "WaistTrackerBehavior.IsTraining.sum": {
            "value": 1.0,
            "min": 1.0,
            "max": 1.0,
            "count": 10
        }
    },
    "metadata": {
        "timer_format_version": "0.1.0",
        "start_time_seconds": "1615763113",
        "python_version": "3.6.8 (tags/v3.6.8:3c6b436a57, Dec 24 2018, 00:16:47) [MSC v.1916 64 bit (AMD64)]",
        "command_line_arguments": "C:\\Users\\Zhao\\AppData\\Local\\Programs\\Python\\Python36\\Scripts\\mlagents-learn waisttracker.yaml --run-id=24",
        "mlagents_version": "0.24.1",
        "mlagents_envs_version": "0.24.1",
        "communication_protocol_version": "1.4.0",
        "pytorch_version": "1.7.1+cu110",
        "numpy_version": "1.19.5",
        "end_time_seconds": "1615763577"
    },
    "total": 464.1733073347804,
    "count": 1,
    "self": 0.008601545605813499,
    "children": {
        "run_training.setup": {
            "total": 0.12234470361240898,
            "count": 1,
            "self": 0.12234470361240898
        },
        "TrainerController.start_learning": {
            "total": 464.0423610855622,
            "count": 1,
            "self": 0.22363430950696284,
            "children": {
                "TrainerController._reset_env": {
                    "total": 8.995272432949488,
                    "count": 1,
                    "self": 8.995272432949488
                },
                "TrainerController.advance": {
                    "total": 454.7103930850374,
                    "count": 9636,
                    "self": 0.12192059199969663,
                    "children": {
                        "env_step": {
                            "total": 454.5884724930377,
                            "count": 9636,
                            "self": 409.699905264705,
                            "children": {
                                "SubprocessEnvManager._take_step": {
                                    "total": 44.77802458007665,
                                    "count": 9636,
                                    "self": 0.9887201640009593,
                                    "children": {
                                        "TorchPolicy.evaluate": {
                                            "total": 43.78930441607569,
                                            "count": 9636,
                                            "self": 11.47772136582261,
                                            "children": {
                                                "TorchPolicy.sample_actions": {
                                                    "total": 32.31158305025308,
                                                    "count": 9636,
                                                    "self": 32.31158305025308
                                                }
                                            }
                                        }
                                    }
                                },
                                "workers": {
                                    "total": 0.11054264825604143,
                                    "count": 9636,
                                    "self": 0.0,
                                    "children": {
                                        "worker_root": {
                                            "total": 456.22101503705807,
                                            "count": 9636,
                                            "is_parallel": true,
                                            "self": 320.5171394744715,