{
    "name": "root",
    "gauges": {
        "WaistTrackerBehavior.Policy.Entropy.mean": {
            "value": 0.8010970950126648,
            "min": 0.8000224828720093,
            "max": 1.8855388164520264,
            "count": 20
        },
        "WaistTrackerBehavior.Policy.Entropy.sum": {
            "value": 40054.85546875,
            "min": 40001.125,
            "max": 98896.5078125,
            "count": 20
        },
        "WaistTrackerBehavior.Policy.ExtrinsicValueEstimate.mean": {
            "value": 1.980207920074463,
            "min": -9.726515769958496,
            "max": 2.037684917449951,
            "count": 20
        },
        "WaistTrackerBehavior.Policy.ExtrinsicValueEstimate.sum": {
            "value": 1584.1663818359375,
            "min": -7781.212890625,
            "max": 1630.14794921875,
            "count": 20
        },
        "WaistTrackerBehavior.Losses.PolicyLoss.mean": {
            "value": 0.15283997362632284,
            "min": 0.1514179584266402,
            "max": 0.24582445403461264,
            "count": 20
        },
        "WaistTrackerBehavior.Losses.PolicyLoss.sum": {
            "value": 5.196559103294977,
            "min": 5.001306957063234,
            "max": 8.112206983142217,
            "count": 20
        },
        "WaistTrackerBehavior.Losses.ValueLoss.mean": {
            "value": 53.24787320228444,
            "min": 51.830694512098695,
            "max": 461.19294591515717,
            "count": 20
        },
        "WaistTrackerBehavior.Losses.ValueLoss.sum": {
            "value": 1810.4276888776708,
            "min": 1762.2436134113557,
            "max": 15219.367215200187,
            "count": 20
        },
        "WaistTrackerBehavior.Policy.LearningRate.mean": {
            "value": 7.583462178094118e-06,
            "min": 7.583462178094118e-06,
            "max": 0.0002923516389130909,
            "count": 20
        },
        "WaistTrackerBehavior.Policy.LearningRate.sum": {
            "value": 0.0002578377140552,
            "min": 0.0002578377140552,
            "max": 0.009647604084131999,
            "count": 20
        },
        "WaistTrackerBehavior.Policy.Epsilon.mean": {
            "value": 0.10252778823529411,
            "min": 0.10252778823529411,
            "max": 0.19745054545454546,
            "count": 20
        },
        "WaistTrackerBehavior.Policy.Epsilon.sum": {
            "value": 3.4859448,
            "min": 3.4859448,
            "max": 6.545804,
            "count": 20
        },
        "WaistTrackerBehavior.Policy.Beta.mean": {
            "value": 0.0001108587505882353,
            "min": 0.0001108587505882353,
            "max": 0.0038982767636363638,
            "count": 20
        },
        "WaistTrackerBehavior.Policy.Beta.sum": {
            "value": 0.0037691975200000003,
            "min": 0.0037691975200000003,
            "max": 0.1286431332,
            "count": 20
        },
        "WaistTrackerBehavior.Environment.EpisodeLength.mean": {
            "value": 499.0,
            "min": 499.0,
            "max": 499.0,
            "count": 20
        },
        "WaistTrackerBehavior.Environment.EpisodeLength.sum": {
            "value": 49900.0,
            "min": 49900.0,
            "max": 49900.0,
            "count": 20
        },
        "WaistTrackerBehavior.Environment.CumulativeReward.mean": {
            "value": 24.78,
            "min": -426.8888888888889,
            "max": 24.78,
            "count": 20
        },
        "WaistTrackerBehavior.Environment.CumulativeReward.sum": {
            "value": 2478.0,
            "min": -42262.0,
            "max": 2478.0,
            "count": 20
        },
        "WaistTrackerBehavior.Policy.ExtrinsicReward.mean": {
            "value": 24.78,
            "min": -426.8888888888889,
            "max": 24.78,
            "count": 20
        },
        "WaistTrackerBehavior.Policy.ExtrinsicReward.sum": {
            "value": 2478.0,
            "min": -42262.0,
            "max": 2478.0,
            "count": 20
        },
        "WaistTrackerBehavior.IsTraining.mean": {
            "value": 1.0,
            "min": 1.0,
            "max": 1.0,
            "count": 20
        },
        "WaistTrackerBehavior.IsTraining.sum": {
            "value": 1.0,
            "min": 1.0,
            "max": 1.0,
            "count": 20
        }
    },
    "metadata": {
        "timer_format_version": "0.1.0",
        "start_time_seconds": "1615866565",
        "python_version": "3.6.8 (tags/v3.6.8:3c6b436a57, Dec 24 2018, 00:16:47) [MSC v.1916 64 bit (AMD64)]",
        "command_line_arguments": "C:\\Users\\Zhao\\AppData\\Local\\Programs\\Python\\Python36\\Scripts\\mlagents-learn waisttracker.yaml --run-id=42",
        "mlagents_version": "0.24.1",
        "mlagents_envs_version": "0.24.1",
        "communication_protocol_version": "1.4.0",
        "pytorch_version": "1.7.1+cu110",
        "numpy_version": "1.19.5",
        "end_time_seconds": "1615867321"
    },
    "total": 755.2049951150518,
    "count": 1,
    "self": 0.008783709208728396,
    "children": {
        "run_training.setup": {
            "total": 0.1239320562974954,
            "count": 1,
            "self": 0.1239320562974954
        },
        "TrainerController.start_learning": {
            "total": 755.0722793495456,
            "count": 1,
            "self": 0.4988140204168303,
            "children": {
                "TrainerController._reset_env": {
                    "total": 8.636284179308259,
                    "count": 1,
                    "self": 8.636284179308259
                },
                "TrainerController.advance": {
                    "total": 745.845554135035,
                    "count": 20064,
                    "self": 0.2530643341489167,
                    "children": {
                        "env_step": {
                            "total": 745.592489800886,
                            "count": 20064,
                            "self": 669.4970202326879,
                            "children": {
                                "SubprocessEnvManager._take_step": {
                                    "total": 75.87105831687947,
                                    "count": 20064,
                                    "self": 1.9430078302281117,
                                    "children": {
                                        "TorchPolicy.evaluate": {
                                            "total": 73.92805048665136,
                                            "count": 20064,
                                            "self": 26.32234398823669,
                                            "children": {
                                                "TorchPolicy.sample_actions": {
                                                    "total": 47.60570649841467,
                                                    "count": 20064,
                                                    "self": 47.60570649841467
                                                }
                                            }
                                        }
                                    }
                                },
                                "workers": {
                                    "total": 0.22441125131867778,
                                    "count": 20064,
                                    "self": 0.0,
                                    "children": {
                                        "worker_root": {
                                            "total": 746.9452328832624,
                                            "count": 20064,
                                            "is_parallel": true,
                                            "self": 427.6350869582147,