{
    "name": "root",
    "gauges": {
        "WaistTrackerBehavior.Policy.Entropy.mean": {
            "value": 2.773219585418701,
            "min": 2.773219585418701,
            "max": 3.032318115234375,
            "count": 10
        },
        "WaistTrackerBehavior.Policy.Entropy.sum": {
            "value": 144207.421875,
            "min": 130942.109375,
            "max": 157838.21875,
            "count": 10
        },
        "WaistTrackerBehavior.Policy.ExtrinsicValueEstimate.mean": {
            "value": -52.99934005737305,
            "min": -52.99934005737305,
            "max": -7.497946739196777,
            "count": 10
        },
        "WaistTrackerBehavior.Policy.ExtrinsicValueEstimate.sum": {
            "value": -21199.736328125,
            "min": -21199.736328125,
            "max": -2984.182861328125,
            "count": 10
        },
        "WaistTrackerBehavior.Losses.PolicyLoss.mean": {
            "value": 0.32448958419425855,
            "min": 0.2993880483117193,
            "max": 0.32448958419425855,
            "count": 10
        },
        "WaistTrackerBehavior.Losses.PolicyLoss.sum": {
            "value": 1.6224479209712928,
            "min": 1.1975521932468771,
            "max": 1.6224479209712928,
            "count": 10
        },
        "WaistTrackerBehavior.Losses.ValueLoss.mean": {
            "value": 133463.16971040785,
            "min": 133463.16971040785,
            "max": 185690.51418543453,
            "count": 10
        },
        "WaistTrackerBehavior.Losses.ValueLoss.sum": {
            "value": 667315.8485520392,
            "min": 630941.5243620119,
            "max": 917727.6835905939,
            "count": 10
        },
        "WaistTrackerBehavior.Policy.LearningRate.mean": {
            "value": 9.102175448959999e-06,
            "min": 9.102175448959999e-06,
            "max": 0.00018888480555759998,
            "count": 10
        },
        "WaistTrackerBehavior.Policy.LearningRate.sum": {
            "value": 4.551087724479999e-05,
            "min": 4.551087724479999e-05,
            "max": 0.0008473344763328,
            "count": 10
        },
        "WaistTrackerBehavior.Policy.Epsilon.mean": {
            "value": 0.10455104000000001,
            "min": 0.10455104000000001,
            "max": 0.1944424,
            "count": 10
        },
        "WaistTrackerBehavior.Policy.Epsilon.sum": {
            "value": 0.5227552000000001,
            "min": 0.500608,
            "max": 0.9236672000000001,
            "count": 10
        },
        "WaistTrackerBehavior.Policy.Beta.mean": {
            "value": 0.00019158649600000004,
            "min": 0.00019158649600000004,
            "max": 0.00377825176,
            "count": 10
        },
        "WaistTrackerBehavior.Policy.Beta.sum": {
            "value": 0.0009579324800000002,
            "min": 0.0009579324800000002,
            "max": 0.01695432128,
            "count": 10
        },
        "WaistTrackerBehavior.Environment.EpisodeLength.mean": {
            "value": 499.0,
            "min": 499.0,
            "max": 499.0,
            "count": 10
        },
        "WaistTrackerBehavior.Environment.EpisodeLength.sum": {
            "value": 51896.0,
            "min": 41916.0,
            "max": 51896.0,
            "count": 10
        },
        "WaistTrackerBehavior.Environment.CumulativeReward.mean": {
            "value": -19248.48367522313,
            "min": -24830.441888853562,
            "max": -19248.48367522313,
            "count": 10
        },
        "WaistTrackerBehavior.Environment.CumulativeReward.sum": {
            "value": -2001842.3022232056,
            "min": -2525945.052001953,
            "max": -2001842.3022232056,
            "count": 10
        },
        "WaistTrackerBehavior.Policy.ExtrinsicReward.mean": {
            "value": -19248.48367522313,
            "min": -24830.441888853562,
            "max": -19248.48367522313,
            "count": 10
        },
        "WaistTrackerBehavior.Policy.ExtrinsicReward.sum": {
            "value": -2001842.3022232056,
            "min": -2525945.052001953,
            "max": -2001842.3022232056,
            "count": 10
        },
        "WaistTrackerBehavior.IsTraining.mean": {
            "value": 1.0,
            "min": 1.0,
            "max": 1.0,
            "count": 10
        },
        "WaistTrackerBehavior.IsTraining.sum": {
            "value": 1.0,
            "min": 1.0,
            "max": 1.0,
            "count": 10
        }
    },
    "metadata": {
        "timer_format_version": "0.1.0",
        "start_time_seconds": "1615759234",
        "python_version": "3.6.8 (tags/v3.6.8:3c6b436a57, Dec 24 2018, 00:16:47) [MSC v.1916 64 bit (AMD64)]",
        "command_line_arguments": "C:\\Users\\Zhao\\AppData\\Local\\Programs\\Python\\Python36\\Scripts\\mlagents-learn waisttracker.yaml --run-id=20",
        "mlagents_version": "0.24.1",
        "mlagents_envs_version": "0.24.1",
        "communication_protocol_version": "1.4.0",
        "pytorch_version": "1.7.1+cu110",
        "numpy_version": "1.19.5",
        "end_time_seconds": "1615759744"
    },
    "total": 509.28210243879505,
    "count": 1,
    "self": 0.008712172309856214,
    "children": {
        "run_training.setup": {
            "total": 0.13228909900298003,
            "count": 1,
            "self": 0.13228909900298003
        },
        "TrainerController.start_learning": {
            "total": 509.1411011674822,
            "count": 1,
            "self": 0.3219295852099435,
            "children": {
                "TrainerController._reset_env": {
                    "total": 10.641893694124573,
                    "count": 1,
                    "self": 10.641893694124573
                },
                "TrainerController.advance": {
                    "total": 498.06459168781976,
                    "count": 9756,
                    "self": 0.11673135645798993,
                    "children": {
                        "env_step": {
                            "total": 497.94786033136177,
                            "count": 9756,
                            "self": 456.04418834235247,
                            "children": {
                                "SubprocessEnvManager._take_step": {
                                    "total": 41.79640394229524,
                                    "count": 9756,
                                    "self": 0.9881126113463807,
                                    "children": {
                                        "TorchPolicy.evaluate": {
                                            "total": 40.80829133094886,
                                            "count": 9756,
                                            "self": 11.212229794910385,
                                            "children": {
                                                "TorchPolicy.sample_actions": {
                                                    "total": 29.596061536038476,
                                                    "count": 9756,
                                                    "self": 29.596061536038476
                                                }
                                            }
                                        }
                                    }
                                },
                                "workers": {
                                    "total": 0.10726804671405787,
                                    "count": 9756,
                                    "self": 0.0,
                                    "children": {
                                        "worker_root": {
                                            "total": 493.30991317464407,
                                            "count": 9756,
                                            "is_parallel": true,
                                            "self": 370.51940515024717,