{
    "name": "root",
    "gauges": {
        "WaistTrackerBehavior.Policy.Entropy.mean": {
            "value": 1.9797533750534058,
            "min": 1.9797533750534058,
            "max": 2.582660675048828,
            "count": 10
        },
        "WaistTrackerBehavior.Policy.Entropy.sum": {
            "value": 102741.28125,
            "min": 97624.984375,
            "max": 134298.359375,
            "count": 10
        },
        "WaistTrackerBehavior.Policy.ExtrinsicValueEstimate.mean": {
            "value": -3.879183292388916,
            "min": -5.582212448120117,
            "max": -2.6353495121002197,
            "count": 10
        },
        "WaistTrackerBehavior.Policy.ExtrinsicValueEstimate.sum": {
            "value": -3107.225830078125,
            "min": -4454.60546875,
            "max": -2110.9150390625,
            "count": 10
        },
        "WaistTrackerBehavior.Losses.PolicyLoss.mean": {
            "value": 0.24588613252703,
            "min": 0.23128032479487504,
            "max": 0.2489032222930758,
            "count": 10
        },
        "WaistTrackerBehavior.Losses.PolicyLoss.sum": {
            "value": 8.11424237339199,
            "min": 7.400970393436001,
            "max": 8.379286561597004,
            "count": 10
        },
        "WaistTrackerBehavior.Losses.ValueLoss.mean": {
            "value": 39.53541419295445,
            "min": 39.53541419295445,
            "max": 195.08641037102774,
            "count": 10
        },
        "WaistTrackerBehavior.Losses.ValueLoss.sum": {
            "value": 1304.6686683674968,
            "min": 1304.6686683674968,
            "max": 6242.765131872888,
            "count": 10
        },
        "WaistTrackerBehavior.Policy.LearningRate.mean": {
            "value": 1.4365767938715153e-05,
            "min": 1.4365767938715153e-05,
            "max": 0.000284601005133,
            "count": 10
        },
        "WaistTrackerBehavior.Policy.LearningRate.sum": {
            "value": 0.00047407034197760004,
            "min": 0.00047407034197760004,
            "max": 0.009107232164256,
            "count": 10
        },
        "WaistTrackerBehavior.Policy.Epsilon.mean": {
            "value": 0.10478855757575757,
            "min": 0.10478855757575757,
            "max": 0.194867,
            "count": 10
        },
        "WaistTrackerBehavior.Policy.Epsilon.sum": {
            "value": 3.4580224,
            "min": 3.4580224,
            "max": 6.235744,
            "count": 10
        },
        "WaistTrackerBehavior.Policy.Beta.mean": {
            "value": 0.00020106344727272726,
            "min": 0.00020106344727272726,
            "max": 0.0037951933,
            "count": 10
        },
        "WaistTrackerBehavior.Policy.Beta.sum": {
            "value": 0.0066350937599999995,
            "min": 0.0066350937599999995,
            "max": 0.1214461856,
            "count": 10
        },
        "WaistTrackerBehavior.Environment.EpisodeLength.mean": {
            "value": 499.0,
            "min": 499.0,
            "max": 499.0,
            "count": 10
        },
        "WaistTrackerBehavior.Environment.EpisodeLength.sum": {
            "value": 51896.0,
            "min": 35429.0,
            "max": 51896.0,
            "count": 10
        },
        "WaistTrackerBehavior.Environment.CumulativeReward.mean": {
            "value": 7.278846153846154,
            "min": -46.53846153846154,
            "max": 17.26153846153846,
            "count": 10
        },
        "WaistTrackerBehavior.Environment.CumulativeReward.sum": {
            "value": 757.0,
            "min": -4235.0,
            "max": 1122.0,
            "count": 10
        },
        "WaistTrackerBehavior.Policy.ExtrinsicReward.mean": {
            "value": 7.278846153846154,
            "min": -46.53846153846154,
            "max": 17.26153846153846,
            "count": 10
        },
        "WaistTrackerBehavior.Policy.ExtrinsicReward.sum": {
            "value": 757.0,
            "min": -4235.0,
            "max": 1122.0,
            "count": 10
        },
        "WaistTrackerBehavior.IsTraining.mean": {
            "value": 1.0,
            "min": 1.0,
            "max": 1.0,
            "count": 10
        },
        "WaistTrackerBehavior.IsTraining.sum": {
            "value": 1.0,
            "min": 1.0,
            "max": 1.0,
            "count": 10
        }
    },
    "metadata": {
        "timer_format_version": "0.1.0",
        "start_time_seconds": "1615765798",
        "python_version": "3.6.8 (tags/v3.6.8:3c6b436a57, Dec 24 2018, 00:16:47) [MSC v.1916 64 bit (AMD64)]",
        "command_line_arguments": "C:\\Users\\Zhao\\AppData\\Local\\Programs\\Python\\Python36\\Scripts\\mlagents-learn waisttracker.yaml --run-id=27",
        "mlagents_version": "0.24.1",
        "mlagents_envs_version": "0.24.1",
        "communication_protocol_version": "1.4.0",
        "pytorch_version": "1.7.1+cu110",
        "numpy_version": "1.19.5",
        "end_time_seconds": "1615766201"
    },
    "total": 403.46442955454995,
    "count": 1,
    "self": 0.009288810811426629,
    "children": {
        "run_training.setup": {
            "total": 0.12515303786550247,
            "count": 1,
            "self": 0.12515303786550247
        },
        "TrainerController.start_learning": {
            "total": 403.329987705873,
            "count": 1,
            "self": 0.2739089089998288,
            "children": {
                "TrainerController._reset_env": {
                    "total": 11.711483256277873,
                    "count": 1,
                    "self": 11.711483256277873
                },
                "TrainerController.advance": {
                    "total": 391.2317900269399,
                    "count": 9692,
                    "self": 0.12475243123463997,
                    "children": {
                        "env_step": {
                            "total": 391.10703759570526,
                            "count": 9692,
                            "self": 344.5804084961287,
                            "children": {
                                "SubprocessEnvManager._take_step": {
                                    "total": 46.41632916579837,
                                    "count": 9692,
                                    "self": 0.9833735472935317,
                                    "children": {
                                        "TorchPolicy.evaluate": {
                                            "total": 45.43295561850484,
                                            "count": 9692,
                                            "self": 12.073699612470513,
                                            "children": {
                                                "TorchPolicy.sample_actions": {
                                                    "total": 33.35925600603433,
                                                    "count": 9692,
                                                    "self": 33.35925600603433
                                                }
                                            }
                                        }
                                    }
                                },
                                "workers": {
                                    "total": 0.11029993377818492,
                                    "count": 9692,
                                    "self": 0.0,
                                    "children": {
                                        "worker_root": {
                                            "total": 392.52629568652907,
                                            "count": 9692,
                                            "is_parallel": true,
                                            "self": 250.94182619395028,