{
    "name": "root",
    "gauges": {
        "WaistTrackerBehavior.Policy.Entropy.mean": {
            "value": 2.0103209018707275,
            "min": 2.0103209018707275,
            "max": 2.9430031776428223,
            "count": 20
        },
        "WaistTrackerBehavior.Policy.Entropy.sum": {
            "value": 100315.0078125,
            "min": 100315.0078125,
            "max": 154360.515625,
            "count": 20
        },
        "WaistTrackerBehavior.Policy.ExtrinsicValueEstimate.mean": {
            "value": 1.9558082818984985,
            "min": -9.282707214355469,
            "max": 2.6591930389404297,
            "count": 20
        },
        "WaistTrackerBehavior.Policy.ExtrinsicValueEstimate.sum": {
            "value": 1564.6466064453125,
            "min": -7426.166015625,
            "max": 2127.3544921875,
            "count": 20
        },
        "WaistTrackerBehavior.Losses.PolicyLoss.mean": {
            "value": 0.15241027258076842,
            "min": 0.14697388090511834,
            "max": 0.23467078334144661,
            "count": 20
        },
        "WaistTrackerBehavior.Losses.PolicyLoss.sum": {
            "value": 5.181949267746126,
            "min": 4.997111950774023,
            "max": 7.744135850267738,
            "count": 20
        },
        "WaistTrackerBehavior.Losses.ValueLoss.mean": {
            "value": 57.93960391209856,
            "min": 57.79213172205439,
            "max": 446.77801411270474,
            "count": 20
        },
        "WaistTrackerBehavior.Losses.ValueLoss.sum": {
            "value": 1969.9465330113512,
            "min": 1964.9324785498493,
            "max": 14743.674465719256,
            "count": 20
        },
        "WaistTrackerBehavior.Policy.LearningRate.mean": {
            "value": 7.576685709764706e-06,
            "min": 7.576685709764706e-06,
            "max": 0.00029223745713296965,
            "count": 20
        },
        "WaistTrackerBehavior.Policy.LearningRate.sum": {
            "value": 0.000257607314132,
            "min": 0.000257607314132,
            "max": 0.009708456263847996,
            "count": 20
        },
        "WaistTrackerBehavior.Policy.Epsilon.mean": {
            "value": 0.10252552941176471,
            "min": 0.10252552941176471,
            "max": 0.19741248484848486,
            "count": 20
        },
        "WaistTrackerBehavior.Policy.Epsilon.sum": {
            "value": 3.485868,
            "min": 3.485868,
            "max": 6.736152000000001,
            "count": 20
        },
        "WaistTrackerBehavior.Policy.Beta.mean": {
            "value": 0.00011076862352941177,
            "min": 0.00011076862352941177,
            "max": 0.0038967581454545457,
            "count": 20
        },
        "WaistTrackerBehavior.Policy.Beta.sum": {
            "value": 0.0037661332,
            "min": 0.0037661332,
            "max": 0.12947246480000002,
            "count": 20
        },
        "WaistTrackerBehavior.Environment.EpisodeLength.mean": {
            "value": 499.0,
            "min": 499.0,
            "max": 499.0,
            "count": 20
        },
        "WaistTrackerBehavior.Environment.EpisodeLength.sum": {
            "value": 49900.0,
            "min": 49900.0,
            "max": 49900.0,
            "count": 20
        },
        "WaistTrackerBehavior.Environment.CumulativeReward.mean": {
            "value": 15.64,
            "min": -329.1515151515151,
            "max": 22.98,
            "count": 20
        },
        "WaistTrackerBehavior.Environment.CumulativeReward.sum": {
            "value": 1564.0,
            "min": -32586.0,
            "max": 2298.0,
            "count": 20
        },
        "WaistTrackerBehavior.Policy.ExtrinsicReward.mean": {
            "value": 15.64,
            "min": -329.1515151515151,
            "max": 22.98,
            "count": 20
        },
        "WaistTrackerBehavior.Policy.ExtrinsicReward.sum": {
            "value": 1564.0,
            "min": -32586.0,
            "max": 2298.0,
            "count": 20
        },
        "WaistTrackerBehavior.IsTraining.mean": {
            "value": 1.0,
            "min": 1.0,
            "max": 1.0,
            "count": 20
        },
        "WaistTrackerBehavior.IsTraining.sum": {
            "value": 1.0,
            "min": 1.0,
            "max": 1.0,
            "count": 20
        }
    },
    "metadata": {
        "timer_format_version": "0.1.0",
        "start_time_seconds": "1615865335",
        "python_version": "3.6.8 (tags/v3.6.8:3c6b436a57, Dec 24 2018, 00:16:47) [MSC v.1916 64 bit (AMD64)]",
        "command_line_arguments": "C:\\Users\\Zhao\\AppData\\Local\\Programs\\Python\\Python36\\Scripts\\mlagents-learn waisttracker.yaml --run-id=40",
        "mlagents_version": "0.24.1",
        "mlagents_envs_version": "0.24.1",
        "communication_protocol_version": "1.4.0",
        "pytorch_version": "1.7.1+cu110",
        "numpy_version": "1.19.5",
        "end_time_seconds": "1615866172"
    },
    "total": 836.763501823169,
    "count": 1,
    "self": 0.008824587436606635,
    "children": {
        "run_training.setup": {
            "total": 0.12408356122945359,
            "count": 1,
            "self": 0.12408356122945359
        },
        "TrainerController.start_learning": {
            "total": 836.630593674503,
            "count": 1,
            "self": 0.5348829247617459,
            "children": {
                "TrainerController._reset_env": {
                    "total": 10.845352043298218,
                    "count": 1,
                    "self": 10.845352043298218
                },
                "TrainerController.advance": {
                    "total": 825.1399989882576,
                    "count": 20064,
                    "self": 0.2454934308599377,
                    "children": {
                        "env_step": {
                            "total": 824.8945055573977,
                            "count": 20064,
                            "self": 725.4915959473375,
                            "children": {
                                "SubprocessEnvManager._take_step": {
                                    "total": 99.17522861148579,
                                    "count": 20064,
                                    "self": 2.036770221432974,
                                    "children": {
                                        "TorchPolicy.evaluate": {
                                            "total": 97.13845839005282,
                                            "count": 20064,
                                            "self": 26.310186292305673,
                                            "children": {
                                                "TorchPolicy.sample_actions": {
                                                    "total": 70.82827209774715,
                                                    "count": 20064,
                                                    "self": 70.82827209774715
                                                }
                                            }
                                        }
                                    }
                                },
                                "workers": {
                                    "total": 0.2276809985743533,
                                    "count": 20064,
                                    "self": 0.0,
                                    "children": {
                                        "worker_root": {
                                            "total": 826.2155956060025,
                                            "count": 20064,
                                            "is_parallel": true,
                                            "self": 489.59353372862984,