{"count":1,"self":6289.4313471999994,"total":10034.3065603,"children":{"InitializeActuators":{"count":1,"self":0.0029814999999999998,"total":0.0029814999999999998,"children":null},"InitializeSensors":{"count":1,"self":0.00099739999999999985,"total":0.00099739999999999985,"children":null},"AgentSendState":{"count":5000167,"self":83.3711296,"total":127.0671021,"children":{"CollectObservations":{"count":500017,"self":6.1982095999999993,"total":6.1982098,"children":null},"WriteActionMask":{"count":500017,"self":4.3577948,"total":4.3577946999999995,"children":null},"RequestDecision":{"count":500017,"self":11.8929656,"total":33.1399691,"children":{"AgentInfo.ToProto":{"count":500017,"self":11.0090176,"total":21.2470033,"children":{"GenerateSensorData":{"count":500017,"self":10.2379856,"total":10.2379859,"children":null}}}}}}},"DecideAction":{"count":5000167,"self":3538.3627776,"total":3538.3628567,"children":null},"AgentAct":{"count":5000167,"self":76.5156736,"total":79.4402956,"children":{"AgentInfo.ToProto":{"count":71156,"self":1.5462912,"total":2.9246204,"children":{"GenerateSensorData":{"count":71156,"self":1.3783292,"total":1.3783292,"children":null}}}}}},"gauges":{"RollerBall.CumulativeReward":{"count":71156,"max":2,"min":0,"runningAverage":0.976154268,"value":1,"weightedAverage":1.00276351}},"metadata":{"timer_format_version":"0.1.0","start_time_seconds":"1614979757","unity_version":"2019.4.18f1","command_line_arguments":"C:\\Program Files\\Unity\\Hub\\Editor\\2019.4.18f1\\Editor\\Unity.exe -projectpath C:\/Users\/foxya\/Desktop\/UNITY PROJECTS\/XR2\/VR -useHub -hubIPC -cloudEnvironment production -hubSessionId 28ced840-7d67-11eb-ae05-cd39d28a8c02 -accessToken iczHP7ADmVn7Z5p4GyzeJGQRms_ynVrSlssD61vegik001f","communication_protocol_version":"1.4.0","com.unity.ml-agents_version":"1.8.0-preview","scene_name":"RollerBall","end_time_seconds":"1614989791"}}