{"count":1,"self":887.7195264,"total":1644.0618783999998,"children":{"InitializeActuators":{"count":51,"self":0.0024782999999999997,"total":0.0024782999999999997,"children":null},"InitializeSensors":{"count":51,"self":0.00049489999999999994,"total":0.00049489999999999994,"children":null},"AgentSendState":{"count":2675951,"self":17.6433408,"total":23.559827799999997,"children":{"CollectObservations":{"count":100002,"self":0.8706031,"total":0.8706031,"children":null},"WriteActionMask":{"count":100002,"self":0.6057829,"total":0.6057829,"children":null},"RequestDecision":{"count":100002,"self":1.5718089,"total":4.4401015,"children":{"AgentInfo.ToProto":{"count":100002,"self":1.350962,"total":2.8682925999999997,"children":{"GenerateSensorData":{"count":100002,"self":1.5173306,"total":1.5173306,"children":null}}}}}}},"DecideAction":{"count":2675951,"self":647.3704448,"total":647.37046809999993,"children":null},"AgentAct":{"count":2675951,"self":82.702559999999991,"total":85.40260769999999,"children":{"AgentInfo.ToProto":{"count":100002,"self":1.3137819,"total":2.7000482999999997,"children":{"GenerateSensorData":{"count":100002,"self":1.3862664,"total":1.3862664,"children":null}}}}}},"gauges":{"GestureBehavior.CumulativeReward":{"count":100002,"max":1,"min":-1,"runningAverage":0.8006498,"value":1,"weightedAverage":0.9786964}},"metadata":{"timer_format_version":"0.1.0","start_time_seconds":"1619387253","unity_version":"2019.4.18f1","command_line_arguments":"C:\\Program Files\\Unity\\Hub\\Editor\\2019.4.18f1\\Editor\\Unity.exe -projectpath C:\/Users\/Zhao\/Documents\/USC\/CSCI 527\/Build\/XR-Interaction-Toolkit-Examples\/VR -useHub -hubIPC -cloudEnvironment production -hubSessionId 122d4e00-a5fd-11eb-8bb2-25ca951a10f7 -accessToken 3O3L9-JS4wUTqw2UqnKxXGETM10pw2jbwUTx0Hr_Rzk012f","communication_protocol_version":"1.5.0","com.unity.ml-agents_version":"1.9.0-preview","scene_name":"TestScene_MLAgent_Gesture_Andrew","end_time_seconds":"1619388897"}}