{
    "name": "root",
    "gauges": {
        "WaistTrackerBehavior.Policy.Entropy.mean": {
            "value": 1.1750024557113647,
            "min": 1.1750024557113647,
            "max": 1.8501700162887573,
            "count": 10
        },
        "WaistTrackerBehavior.Policy.Entropy.sum": {
            "value": 57311.91796875,
            "min": 57311.91796875,
            "max": 96208.84375,
            "count": 10
        },
        "WaistTrackerBehavior.Policy.ExtrinsicValueEstimate.mean": {
            "value": 3.431086778640747,
            "min": -10.78968334197998,
            "max": 3.5627875328063965,
            "count": 10
        },
        "WaistTrackerBehavior.Policy.ExtrinsicValueEstimate.sum": {
            "value": 2748.300537109375,
            "min": -8610.1669921875,
            "max": 2853.792724609375,
            "count": 10
        },
        "WaistTrackerBehavior.Losses.PolicyLoss.mean": {
            "value": 0.1664396746907911,
            "min": 0.16560276551704706,
            "max": 0.2720324617874723,
            "count": 10
        },
        "WaistTrackerBehavior.Losses.PolicyLoss.sum": {
            "value": 6.657586987631644,
            "min": 6.624110620681883,
            "max": 10.337233547923947,
            "count": 10
        },
        "WaistTrackerBehavior.Losses.ValueLoss.mean": {
            "value": 54.20119032251971,
            "min": 51.60689225782714,
            "max": 459.3506459958953,
            "count": 10
        },
        "WaistTrackerBehavior.Losses.ValueLoss.sum": {
            "value": 2168.0476129007884,
            "min": 2064.2756903130858,
            "max": 17455.324547844022,
            "count": 10
        },
        "WaistTrackerBehavior.Policy.LearningRate.mean": {
            "value": 1.5095374968239998e-05,
            "min": 1.5095374968239998e-05,
            "max": 0.0002849201734476631,
            "count": 10
        },
        "WaistTrackerBehavior.Policy.LearningRate.sum": {
            "value": 0.0006038149987295999,
            "min": 0.0006038149987295999,
            "max": 0.010826966591011199,
            "count": 10
        },
        "WaistTrackerBehavior.Policy.Epsilon.mean": {
            "value": 0.10503176,
            "min": 0.10503176,
            "max": 0.19497338947368423,
            "count": 10
        },
        "WaistTrackerBehavior.Policy.Epsilon.sum": {
            "value": 4.2012704,
            "min": 4.2012704,
            "max": 7.4089888,
            "count": 10
        },
        "WaistTrackerBehavior.Policy.Beta.mean": {
            "value": 0.00021076722400000005,
            "min": 0.00021076722400000005,
            "max": 0.003799438240000001,
            "count": 10
        },
        "WaistTrackerBehavior.Policy.Beta.sum": {
            "value": 0.008430688960000002,
            "min": 0.008430688960000002,
            "max": 0.14437865312000003,
            "count": 10
        },
        "WaistTrackerBehavior.Environment.EpisodeLength.mean": {
            "value": 499.0,
            "min": 499.0,
            "max": 499.0,
            "count": 10
        },
        "WaistTrackerBehavior.Environment.EpisodeLength.sum": {
            "value": 51896.0,
            "min": 35429.0,
            "max": 51896.0,
            "count": 10
        },
        "WaistTrackerBehavior.Environment.CumulativeReward.mean": {
            "value": 36.25,
            "min": -334.5230769230769,
            "max": 37.26923076923077,
            "count": 10
        },
        "WaistTrackerBehavior.Environment.CumulativeReward.sum": {
            "value": 3770.0,
            "min": -21744.0,
            "max": 3876.0,
            "count": 10
        },
        "WaistTrackerBehavior.Policy.ExtrinsicReward.mean": {
            "value": 36.25,
            "min": -334.5230769230769,
            "max": 37.26923076923077,
            "count": 10
        },
        "WaistTrackerBehavior.Policy.ExtrinsicReward.sum": {
            "value": 3770.0,
            "min": -21744.0,
            "max": 3876.0,
            "count": 10
        },
        "WaistTrackerBehavior.IsTraining.mean": {
            "value": 1.0,
            "min": 1.0,
            "max": 1.0,
            "count": 10
        },
        "WaistTrackerBehavior.IsTraining.sum": {
            "value": 1.0,
            "min": 1.0,
            "max": 1.0,
            "count": 10
        }
    },
    "metadata": {
        "timer_format_version": "0.1.0",
        "start_time_seconds": "1615761052",
        "python_version": "3.6.8 (tags/v3.6.8:3c6b436a57, Dec 24 2018, 00:16:47) [MSC v.1916 64 bit (AMD64)]",
        "command_line_arguments": "C:\\Users\\Zhao\\AppData\\Local\\Programs\\Python\\Python36\\Scripts\\mlagents-learn waisttracker.yaml --run-id=21",
        "mlagents_version": "0.24.1",
        "mlagents_envs_version": "0.24.1",
        "communication_protocol_version": "1.4.0",
        "pytorch_version": "1.7.1+cu110",
        "numpy_version": "1.19.5",
        "end_time_seconds": "1615761464"
    },
    "total": 412.00165301333857,
    "count": 1,
    "self": 0.009459988390631224,
    "children": {
        "run_training.setup": {
            "total": 0.12573018734491823,
            "count": 1,
            "self": 0.12573018734491823
        },
        "TrainerController.start_learning": {
            "total": 411.866462837603,
            "count": 1,
            "self": 0.21978077006406238,
            "children": {
                "TrainerController._reset_env": {
                    "total": 11.937248343409816,
                    "count": 1,
                    "self": 11.937248343409816
                },
                "TrainerController.advance": {
                    "total": 399.60480181213177,
                    "count": 9636,
                    "self": 0.1186866131964166,
                    "children": {
                        "env_step": {
                            "total": 399.48611519893535,
                            "count": 9636,
                            "self": 366.28357175559916,
                            "children": {
                                "SubprocessEnvManager._take_step": {
                                    "total": 33.0944085227,
                                    "count": 9636,
                                    "self": 0.9311017908733561,
                                    "children": {
                                        "TorchPolicy.evaluate": {
                                            "total": 32.163306731826644,
                                            "count": 9636,
                                            "self": 11.195439573803341,
                                            "children": {
                                                "TorchPolicy.sample_actions": {
                                                    "total": 20.967867158023303,
                                                    "count": 9636,
                                                    "self": 20.967867158023303
                                                }
                                            }
                                        }
                                    }
                                },
                                "workers": {
                                    "total": 0.1081349206362141,
                                    "count": 9636,
                                    "self": 0.0,
                                    "children": {
                                        "worker_root": {
                                            "total": 401.1770346626941,
                                            "count": 9636,
                                            "is_parallel": true,
                                            "self": 268.6840879454173,