{
    "name": "root",
    "gauges": {
        "WaistTrackerBehavior.Policy.Entropy.mean": {
            "value": 2.611945390701294,
            "min": 2.5831878185272217,
            "max": 2.6221506595611572,
            "count": 7
        },
        "WaistTrackerBehavior.Policy.Entropy.sum": {
            "value": 127128.6015625,
            "min": 127128.6015625,
            "max": 136003.109375,
            "count": 7
        },
        "WaistTrackerBehavior.Policy.ExtrinsicValueEstimate.mean": {
            "value": -73.90471649169922,
            "min": -73.90471649169922,
            "max": -13.119226455688477,
            "count": 7
        },
        "WaistTrackerBehavior.Policy.ExtrinsicValueEstimate.sum": {
            "value": -59197.67578125,
            "min": -59197.67578125,
            "max": -10403.546875,
            "count": 7
        },
        "WaistTrackerBehavior.Losses.PolicyLoss.mean": {
            "value": 0.2912847055392729,
            "min": 0.2912847055392729,
            "max": 0.3104912554810618,
            "count": 7
        },
        "WaistTrackerBehavior.Losses.PolicyLoss.sum": {
            "value": 11.651388221570915,
            "min": 11.651388221570915,
            "max": 12.419650219242472,
            "count": 7
        },
        "WaistTrackerBehavior.Losses.ValueLoss.mean": {
            "value": 14254.257371560985,
            "min": 14254.257371560985,
            "max": 14865.981678767366,
            "count": 7
        },
        "WaistTrackerBehavior.Losses.ValueLoss.sum": {
            "value": 570170.2948624394,
            "min": 570170.2948624394,
            "max": 590542.696546721,
            "count": 7
        },
        "WaistTrackerBehavior.Policy.LearningRate.mean": {
            "value": 0.00010521126492959998,
            "min": 0.00010521126492959998,
            "max": 0.00028483200505599994,
            "count": 7
        },
        "WaistTrackerBehavior.Policy.LearningRate.sum": {
            "value": 0.004208450597183999,
            "min": 0.004208450597183999,
            "max": 0.011108448197183998,
            "count": 7
        },
        "WaistTrackerBehavior.Policy.Epsilon.mean": {
            "value": 0.13507039999999998,
            "min": 0.13507039999999998,
            "max": 0.194944,
            "count": 7
        },
        "WaistTrackerBehavior.Policy.Epsilon.sum": {
            "value": 5.402816,
            "min": 5.402816,
            "max": 7.602816000000001,
            "count": 7
        },
        "WaistTrackerBehavior.Policy.Beta.mean": {
            "value": 0.00140930896,
            "min": 0.00140930896,
            "max": 0.0037982656000000005,
            "count": 7
        },
        "WaistTrackerBehavior.Policy.Beta.sum": {
            "value": 0.0563723584,
            "min": 0.0563723584,
            "max": 0.14813235840000002,
            "count": 7
        },
        "WaistTrackerBehavior.Environment.EpisodeLength.mean": {
            "value": 499.0,
            "min": 499.0,
            "max": 499.0,
            "count": 7
        },
        "WaistTrackerBehavior.Environment.EpisodeLength.sum": {
            "value": 51896.0,
            "min": 35429.0,
            "max": 51896.0,
            "count": 7
        },
        "WaistTrackerBehavior.Environment.CumulativeReward.mean": {
            "value": -7494.382211538462,
            "min": -7494.382211538462,
            "max": -7451.2,
            "count": 7
        },
        "WaistTrackerBehavior.Environment.CumulativeReward.sum": {
            "value": -779415.75,
            "min": -779415.75,
            "max": -484328.0,
            "count": 7
        },
        "WaistTrackerBehavior.Policy.ExtrinsicReward.mean": {
            "value": -7494.382211538462,
            "min": -7494.382211538462,
            "max": -7451.2,
            "count": 7
        },
        "WaistTrackerBehavior.Policy.ExtrinsicReward.sum": {
            "value": -779415.75,
            "min": -779415.75,
            "max": -484328.0,
            "count": 7
        },
        "WaistTrackerBehavior.IsTraining.mean": {
            "value": 1.0,
            "min": 1.0,
            "max": 1.0,
            "count": 7
        },
        "WaistTrackerBehavior.IsTraining.sum": {
            "value": 1.0,
            "min": 1.0,
            "max": 1.0,
            "count": 7
        }
    },
    "metadata": {
        "timer_format_version": "0.1.0",
        "start_time_seconds": "1615764128",
        "python_version": "3.6.8 (tags/v3.6.8:3c6b436a57, Dec 24 2018, 00:16:47) [MSC v.1916 64 bit (AMD64)]",
        "command_line_arguments": "C:\\Users\\Zhao\\AppData\\Local\\Programs\\Python\\Python36\\Scripts\\mlagents-learn waisttracker.yaml --run-id=26",
        "mlagents_version": "0.24.1",
        "mlagents_envs_version": "0.24.1",
        "communication_protocol_version": "1.4.0",
        "pytorch_version": "1.7.1+cu110",
        "numpy_version": "1.19.5",
        "end_time_seconds": "1615764453"
    },
    "total": 325.36922441738307,
    "count": 1,
    "self": 0.00471581456002923,
    "children": {
        "run_training.setup": {
            "total": 0.13167132678464122,
            "count": 1,
            "self": 0.13167132678464122
        },
        "TrainerController.start_learning": {
            "total": 325.23283727603837,
            "count": 1,
            "self": 1.0829345151231564,
            "children": {
                "TrainerController._reset_env": {
                    "total": 10.27337979143928,
                    "count": 1,
                    "self": 10.27337979143928
                },
                "TrainerController.advance": {
                    "total": 313.7512059077212,
                    "count": 6948,
                    "self": 0.08945408148827028,
                    "children": {
                        "env_step": {
                            "total": 313.66175182623294,
                            "count": 6948,
                            "self": 282.4345810390412,
                            "children": {
                                "SubprocessEnvManager._take_step": {
                                    "total": 31.151379997874802,
                                    "count": 6948,
                                    "self": 0.6654298447844944,
                                    "children": {
                                        "TorchPolicy.evaluate": {
                                            "total": 30.485950153090307,
                                            "count": 6948,
                                            "self": 7.870467371000025,
                                            "children": {
                                                "TorchPolicy.sample_actions": {
                                                    "total": 22.615482782090282,
                                                    "count": 6948,
                                                    "self": 22.615482782090282
                                                }
                                            }
                                        }
                                    }
                                },
                                "workers": {
                                    "total": 0.07579078931698646,
                                    "count": 6948,
                                    "self": 0.0,
                                    "children": {
                                        "worker_root": {
                                            "total": 315.11888129575715,
                                            "count": 6948,
                                            "is_parallel": true,
                                            "self": 219.62016947091175,